mc	mn	quarterbeats	quarterbeats_all_endings	duration_qb	mc_onset	mn_onset	event	timesig	staff	voice	duration	nominal_duration	scalar	chord_id
1	1	0	0	2.0	0	0	Chord	4/4	1	1	1/2	1/2	1	0
1	1	2	2	2.0	1/2	1/2	Chord	4/4	1	1	1/2	1/2	1	1
1	1	0	0	2.0	0	0	Chord	4/4	2	1	1/2	1/2	1	2
1	1	2	2	2.0	1/2	1/2	Chord	4/4	2	1	1/2	1/2	1	3
1	1	0	0	2.0	0	0	Chord	4/4	3	1	1/2	1/2	1	4
1	1	2	2	2.0	1/2	1/2	Chord	4/4	3	1	1/2	1/2	1	5
1	1	0	0	2.0	0	0	Chord	4/4	4	1	1/2	1/2	1	6
1	1	2	2	2.0	1/2	1/2	Chord	4/4	4	1	1/2	1/2	1	7
2	2	4	4	2.0	0	0	Chord	4/4	1	1	1/2	1/2	1	8
2	2	6	6	1.0	1/2	1/2	Chord	4/4	1	1	1/4	1/4	1	9
2	2	7	7	1.0	3/4	3/4	Chord	4/4	1	1	1/4	1/4	1	10
2	2	4	4	2.0	0	0	Chord	4/4	2	1	1/2	1/2	1	11
2	2	6	6	1.0	1/2	1/2	Chord	4/4	2	1	1/4	1/4	1	12
2	2	7	7	1.0	3/4	3/4	Chord	4/4	2	1	1/4	1/4	1	13
2	2	4	4	2.0	0	0	Chord	4/4	3	1	1/2	1/2	1	14
2	2	6	6	1.0	1/2	1/2	Chord	4/4	3	1	1/4	1/4	1	15
2	2	7	7	1.0	3/4	3/4	Chord	4/4	3	1	1/4	1/4	1	16
2	2	4	4	2.0	0	0	Chord	4/4	4	1	1/2	1/2	1	17
2	2	6	6	1.0	1/2	1/2	Chord	4/4	4	1	1/4	1/4	1	18
2	2	7	7	1.0	3/4	3/4	Chord	4/4	4	1	1/4	1/4	1	19
3	3	8	8	1.0	0	0	Chord	4/4	1	1	1/4	1/4	1	20
3	3	9	9	1.0	1/4	1/4	Chord	4/4	1	1	1/4	1/4	1	21
3	3	10	10	1.0	1/2	1/2	Chord	4/4	1	1	1/4	1/4	1	22
3	3	11	11	1.0	3/4	3/4	Chord	4/4	1	1	1/4	1/4	1	23
3	3	8	8	1.0	0	0	Chord	4/4	2	1	1/4	1/4	1	24
3	3	9	9	1.0	1/4	1/4	Chord	4/4	2	1	1/4	1/4	1	25
3	3	10	10	1.0	1/2	1/2	Chord	4/4	2	1	1/4	1/4	1	26
3	3	11	11	1.0	3/4	3/4	Chord	4/4	2	1	1/4	1/4	1	27
3	3	8	8	1.0	0	0	Chord	4/4	3	1	1/4	1/4	1	28
3	3	9	9	1.0	1/4	1/4	Chord	4/4	3	1	1/4	1/4	1	29
3	3	10	10	1.0	1/2	1/2	Chord	4/4	3	1	1/4	1/4	1	30
3	3	11	11	1.0	3/4	3/4	Chord	4/4	3	1	1/4	1/4	1	31
3	3	8	8	1.0	0	0	Chord	4/4	4	1	1/4	1/4	1	32
3	3	9	9	1.0	1/4	1/4	Chord	4/4	4	1	1/4	1/4	1	33
3	3	10	10	1.0	1/2	1/2	Chord	4/4	4	1	1/4	1/4	1	34
3	3	11	11	1.0	3/4	3/4	Chord	4/4	4	1	1/4	1/4	1	35
4	4	12	12	2.0	0	0	Chord	4/4	1	1	1/2	1/2	1	36
4	4	14	14	2.0	1/2	1/2	Chord	4/4	1	1	1/2	1/2	1	37
4	4	12	12	2.0	0	0	Chord	4/4	2	1	1/2	1/2	1	38
4	4	14	14	2.0	1/2	1/2	Chord	4/4	2	1	1/2	1/2	1	39
4	4	12	12	2.0	0	0	Chord	4/4	3	1	1/2	1/2	1	40
4	4	14	14	2.0	1/2	1/2	Chord	4/4	3	1	1/2	1/2	1	41
4	4	12	12	2.0	0	0	Chord	4/4	4	1	1/2	1/2	1	42
4	4	14	14	2.0	1/2	1/2	Chord	4/4	4	1	1/2	1/2	1	43
5	5	18	18	2.0	1/2	1/2	Chord	4/4	1	1	1/2	1/2	1	44
5	5	18	18	2.0	1/2	1/2	Chord	4/4	2	1	1/2	1/2	1	45
5	5	18	18	2.0	1/2	1/2	Chord	4/4	3	1	1/2	1/2	1	46
5	5	18	18	2.0	1/2	1/2	Chord	4/4	4	1	1/2	1/2	1	47
6	6	20	20	1.0	0	0	Chord	4/4	1	1	1/4	1/4	1	48
6	6	21	21	1.0	1/4	1/4	Chord	4/4	1	1	1/4	1/4	1	49
6	6	22	22	2.0	1/2	1/2	Chord	4/4	1	1	1/2	1/2	1	50
6	6	20	20	1.0	0	0	Chord	4/4	2	1	1/4	1/4	1	51
6	6	21	21	1.0	1/4	1/4	Chord	4/4	2	1	1/4	1/4	1	52
6	6	22	22	2.0	1/2	1/2	Chord	4/4	2	1	1/2	1/2	1	53
6	6	20	20	1.0	0	0	Chord	4/4	3	1	1/4	1/4	1	54
6	6	21	21	1.0	1/4	1/4	Chord	4/4	3	1	1/4	1/4	1	55
6	6	22	22	2.0	1/2	1/2	Chord	4/4	3	1	1/2	1/2	1	56
6	6	20	20	1.0	0	0	Chord	4/4	4	1	1/4	1/4	1	57
6	6	21	21	1.0	1/4	1/4	Chord	4/4	4	1	1/4	1/4	1	58
6	6	22	22	2.0	1/2	1/2	Chord	4/4	4	1	1/2	1/2	1	59
7	7	24	24	2.0	0	0	Chord	4/4	1	1	1/2	1/2	1	60
7	7	26	26	1.0	1/2	1/2	Chord	4/4	1	1	1/4	1/4	1	61
7	7	27	27	1.0	3/4	3/4	Chord	4/4	1	1	1/4	1/4	1	62
7	7	24	24	2.0	0	0	Chord	4/4	2	1	1/2	1/2	1	63
7	7	26	26	1.0	1/2	1/2	Chord	4/4	2	1	1/4	1/4	1	64
7	7	27	27	1.0	3/4	3/4	Chord	4/4	2	1	1/4	1/4	1	65
7	7	24	24	2.0	0	0	Chord	4/4	3	1	1/2	1/2	1	66
7	7	26	26	1.0	1/2	1/2	Chord	4/4	3	1	1/4	1/4	1	67
7	7	27	27	1.0	3/4	3/4	Chord	4/4	3	1	1/4	1/4	1	68
7	7	24	24	2.0	0	0	Chord	4/4	4	1	1/2	1/2	1	69
7	7	26	26	1.0	1/2	1/2	Chord	4/4	4	1	1/4	1/4	1	70
7	7	27	27	1.0	3/4	3/4	Chord	4/4	4	1	1/4	1/4	1	71
8	8	28	28	1.0	0	0	Chord	4/4	1	1	1/4	1/4	1	72
8	8	29	29	1.0	1/4	1/4	Chord	4/4	1	1	1/4	1/4	1	73
8	8	30	30	2.0	1/2	1/2	Chord	4/4	1	1	1/2	1/2	1	74
8	8	28	28	1.0	0	0	Chord	4/4	2	1	1/4	1/4	1	75
8	8	29	29	1.0	1/4	1/4	Chord	4/4	2	1	1/4	1/4	1	76
8	8	30	30	2.0	1/2	1/2	Chord	4/4	2	1	1/2	1/2	1	77
8	8	28	28	1.0	0	0	Chord	4/4	3	1	1/4	1/4	1	78
8	8	29	29	1.0	1/4	1/4	Chord	4/4	3	1	1/4	1/4	1	79
8	8	30	30	2.0	1/2	1/2	Chord	4/4	3	1	1/2	1/2	1	80
8	8	28	28	1.0	0	0	Chord	4/4	4	1	1/4	1/4	1	81
8	8	29	29	1.0	1/4	1/4	Chord	4/4	4	1	1/4	1/4	1	82
8	8	30	30	2.0	1/2	1/2	Chord	4/4	4	1	1/2	1/2	1	83
9	9	32	32	2.0	0	0	Chord	4/4	1	1	1/2	1/2	1	84
9	9	32	32	2.0	0	0	Chord	4/4	2	1	1/2	1/2	1	85
9	9	32	32	2.0	0	0	Chord	4/4	3	1	1/2	1/2	1	86
9	9	32	32	2.0	0	0	Chord	4/4	4	1	1/2	1/2	1	87
10	10	36	36	2.0	0	0	Chord	4/4	1	1	1/2	1/2	1	88
10	10	38	38	2.0	1/2	1/2	Chord	4/4	1	1	1/2	1/2	1	89
10	10	36	36	2.0	0	0	Chord	4/4	2	1	1/2	1/2	1	90
10	10	38	38	2.0	1/2	1/2	Chord	4/4	2	1	1/2	1/2	1	91
10	10	36	36	2.0	0	0	Chord	4/4	3	1	1/2	1/2	1	92
10	10	38	38	2.0	1/2	1/2	Chord	4/4	3	1	1/2	1/2	1	93
10	10	36	36	2.0	0	0	Chord	4/4	4	1	1/2	1/2	1	94
10	10	38	38	2.0	1/2	1/2	Chord	4/4	4	1	1/2	1/2	1	95
11	11	40	40	2.0	0	0	Chord	4/4	1	1	1/2	1/2	1	96
11	11	42	42	1.0	1/2	1/2	Chord	4/4	1	1	1/4	1/4	1	97
11	11	43	43	1.0	3/4	3/4	Chord	4/4	1	1	1/4	1/4	1	98
11	11	40	40	2.0	0	0	Chord	4/4	2	1	1/2	1/2	1	99
11	11	42	42	1.0	1/2	1/2	Chord	4/4	2	1	1/4	1/4	1	100
11	11	43	43	1.0	3/4	3/4	Chord	4/4	2	1	1/4	1/4	1	101
11	11	40	40	2.0	0	0	Chord	4/4	3	1	1/2	1/2	1	102
11	11	42	42	1.0	1/2	1/2	Chord	4/4	3	1	1/4	1/4	1	103
11	11	43	43	1.0	3/4	3/4	Chord	4/4	3	1	1/4	1/4	1	104
11	11	40	40	2.0	0	0	Chord	4/4	4	1	1/2	1/2	1	105
11	11	42	42	1.0	1/2	1/2	Chord	4/4	4	1	1/4	1/4	1	106
11	11	43	43	1.0	3/4	3/4	Chord	4/4	4	1	1/4	1/4	1	107
12	12	44	44	2.0	0	0	Chord	4/4	1	1	1/2	1/2	1	108
12	12	46	46	2.0	1/2	1/2	Chord	4/4	1	1	1/2	1/2	1	109
12	12	44	44	1.0	0	0	Chord	4/4	2	1	1/4	1/4	1	110
12	12	45	45	2.0	1/4	1/4	Chord	4/4	2	1	1/2	1/2	1	111
12	12	47	47	1.0	3/4	3/4	Chord	4/4	2	1	1/4	1/4	1	112
12	12	44	44	2.0	0	0	Chord	4/4	3	1	1/2	1/2	1	113
12	12	46	46	2.0	1/2	1/2	Chord	4/4	3	1	1/2	1/2	1	114
12	12	44	44	2.0	0	0	Chord	4/4	4	1	1/2	1/2	1	115
12	12	46	46	2.0	1/2	1/2	Chord	4/4	4	1	1/2	1/2	1	116
13	13	48	48	2.0	0	0	Chord	4/4	1	1	1/2	1/2	1	117
13	13	48	48	2.0	0	0	Chord	4/4	2	1	1/2	1/2	1	118
13	13	48	48	2.0	0	0	Chord	4/4	3	1	1/2	1/2	1	119
13	13	48	48	2.0	0	0	Chord	4/4	4	1	1/2	1/2	1	120
14	14	52	52	2.0	0	0	Chord	4/4	1	1	1/2	1/2	1	121
14	14	54	54	1.0	1/2	1/2	Chord	4/4	1	1	1/4	1/4	1	122
14	14	55	55	1.0	3/4	3/4	Chord	4/4	1	1	1/4	1/4	1	123
14	14	52	52	2.0	0	0	Chord	4/4	2	1	1/2	1/2	1	124
14	14	54	54	1.0	1/2	1/2	Chord	4/4	2	1	1/4	1/4	1	125
14	14	55	55	1.0	3/4	3/4	Chord	4/4	2	1	1/4	1/4	1	126
14	14	52	52	2.0	0	0	Chord	4/4	3	1	1/2	1/2	1	127
14	14	54	54	1.0	1/2	1/2	Chord	4/4	3	1	1/4	1/4	1	128
14	14	55	55	1.0	3/4	3/4	Chord	4/4	3	1	1/4	1/4	1	129
14	14	52	52	2.0	0	0	Chord	4/4	4	1	1/2	1/2	1	130
14	14	54	54	1.0	1/2	1/2	Chord	4/4	4	1	1/4	1/4	1	131
14	14	55	55	1.0	3/4	3/4	Chord	4/4	4	1	1/4	1/4	1	132
15	15	56	56	2.0	0	0	Chord	4/4	1	1	1/2	1/2	1	133
15	15	58	58	2.0	1/2	1/2	Chord	4/4	1	1	1/2	1/2	1	134
15	15	56	56	2.0	0	0	Chord	4/4	2	1	1/2	1/2	1	135
15	15	58	58	2.0	1/2	1/2	Chord	4/4	2	1	1/2	1/2	1	136
15	15	56	56	2.0	0	0	Chord	4/4	3	1	1/2	1/2	1	137
15	15	58	58	2.0	1/2	1/2	Chord	4/4	3	1	1/2	1/2	1	138
15	15	56	56	2.0	0	0	Chord	4/4	4	1	1/2	1/2	1	139
15	15	58	58	2.0	1/2	1/2	Chord	4/4	4	1	1/2	1/2	1	140
16	16	60	60	1.0	0	0	Chord	4/4	1	1	1/4	1/4	1	141
16	16	61	61	1.0	1/4	1/4	Chord	4/4	1	1	1/4	1/4	1	142
16	16	62	62	1.0	1/2	1/2	Chord	4/4	1	1	1/4	1/4	1	143
16	16	63	63	1.0	3/4	3/4	Chord	4/4	1	1	1/4	1/4	1	144
16	16	60	60	1.0	0	0	Chord	4/4	2	1	1/4	1/4	1	145
16	16	61	61	1.0	1/4	1/4	Chord	4/4	2	1	1/4	1/4	1	146
16	16	62	62	1.0	1/2	1/2	Chord	4/4	2	1	1/4	1/4	1	147
16	16	63	63	1.0	3/4	3/4	Chord	4/4	2	1	1/4	1/4	1	148
16	16	60	60	1.0	0	0	Chord	4/4	3	1	1/4	1/4	1	149
16	16	61	61	1.0	1/4	1/4	Chord	4/4	3	1	1/4	1/4	1	150
16	16	62	62	1.0	1/2	1/2	Chord	4/4	3	1	1/4	1/4	1	151
16	16	63	63	1.0	3/4	3/4	Chord	4/4	3	1	1/4	1/4	1	152
16	16	60	60	1.0	0	0	Chord	4/4	4	1	1/4	1/4	1	153
16	16	61	61	1.0	1/4	1/4	Chord	4/4	4	1	1/4	1/4	1	154
16	16	62	62	1.0	1/2	1/2	Chord	4/4	4	1	1/4	1/4	1	155
16	16	63	63	1.0	3/4	3/4	Chord	4/4	4	1	1/4	1/4	1	156
17	17	64	64	2.0	0	0	Chord	4/4	1	1	1/2	1/2	1	157
17	17	64	64	2.0	0	0	Chord	4/4	2	1	1/2	1/2	1	158
17	17	64	64	2.0	0	0	Chord	4/4	3	1	1/2	1/2	1	159
17	17	64	64	2.0	0	0	Chord	4/4	4	1	1/2	1/2	1	160
18	18	68	68	2.0	0	0	Chord	4/4	1	1	1/2	1/2	1	161
18	18	70	70	1.0	1/2	1/2	Chord	4/4	1	1	1/4	1/4	1	162
18	18	71	71	1.0	3/4	3/4	Chord	4/4	1	1	1/4	1/4	1	163
18	18	68	68	2.0	0	0	Chord	4/4	2	1	1/2	1/2	1	164
18	18	70	70	1.0	1/2	1/2	Chord	4/4	2	1	1/4	1/4	1	165
18	18	71	71	1.0	3/4	3/4	Chord	4/4	2	1	1/4	1/4	1	166
18	18	68	68	2.0	0	0	Chord	4/4	3	1	1/2	1/2	1	167
18	18	70	70	1.0	1/2	1/2	Chord	4/4	3	1	1/4	1/4	1	168
18	18	71	71	1.0	3/4	3/4	Chord	4/4	3	1	1/4	1/4	1	169
18	18	68	68	2.0	0	0	Chord	4/4	4	1	1/2	1/2	1	170
18	18	70	70	1.0	1/2	1/2	Chord	4/4	4	1	1/4	1/4	1	171
18	18	71	71	1.0	3/4	3/4	Chord	4/4	4	1	1/4	1/4	1	172
19	19	72	72	2.0	0	0	Chord	4/4	1	1	1/2	1/2	1	173
19	19	74	74	2.0	1/2	1/2	Chord	4/4	1	1	1/2	1/2	1	174
19	19	72	72	2.0	0	0	Chord	4/4	2	1	1/2	1/2	1	175
19	19	74	74	2.0	1/2	1/2	Chord	4/4	2	1	1/2	1/2	1	176
19	19	72	72	2.0	0	0	Chord	4/4	3	1	1/2	1/2	1	177
19	19	74	74	2.0	1/2	1/2	Chord	4/4	3	1	1/2	1/2	1	178
19	19	72	72	2.0	0	0	Chord	4/4	4	1	1/2	1/2	1	179
19	19	74	74	2.0	1/2	1/2	Chord	4/4	4	1	1/2	1/2	1	180
20	20	76	76	1.0	0	0	Chord	4/4	1	1	1/4	1/4	1	181
20	20	77	77	1.0	1/4	1/4	Chord	4/4	1	1	1/4	1/4	1	182
20	20	78	78	1.0	1/2	1/2	Chord	4/4	1	1	1/4	1/4	1	183
20	20	79	79	1.0	3/4	3/4	Chord	4/4	1	1	1/4	1/4	1	184
20	20	76	76	1.0	0	0	Chord	4/4	2	1	1/4	1/4	1	185
20	20	77	77	1.0	1/4	1/4	Chord	4/4	2	1	1/4	1/4	1	186
20	20	78	78	1.0	1/2	1/2	Chord	4/4	2	1	1/4	1/4	1	187
20	20	79	79	1.0	3/4	3/4	Chord	4/4	2	1	1/4	1/4	1	188
20	20	76	76	1.0	0	0	Chord	4/4	3	1	1/4	1/4	1	189
20	20	77	77	1.0	1/4	1/4	Chord	4/4	3	1	1/4	1/4	1	190
20	20	78	78	1.0	1/2	1/2	Chord	4/4	3	1	1/4	1/4	1	191
20	20	79	79	1.0	3/4	3/4	Chord	4/4	3	1	1/4	1/4	1	192
20	20	76	76	1.0	0	0	Chord	4/4	4	1	1/4	1/4	1	193
20	20	77	77	1.0	1/4	1/4	Chord	4/4	4	1	1/4	1/4	1	194
20	20	78	78	1.0	1/2	1/2	Chord	4/4	4	1	1/4	1/4	1	195
20	20	79	79	1.0	3/4	3/4	Chord	4/4	4	1	1/4	1/4	1	196
21	21	80	80	2.0	0	0	Chord	4/4	1	1	1/2	1/2	1	197
21	21	80	80	2.0	0	0	Chord	4/4	2	1	1/2	1/2	1	198
21	21	80	80	2.0	0	0	Chord	4/4	3	1	1/2	1/2	1	199
21	21	80	80	2.0	0	0	Chord	4/4	4	1	1/2	1/2	1	200
22	22	84	84	2.0	0	0	Chord	4/4	1	1	1/2	1/2	1	201
22	22	86	86	2.0	1/2	1/2	Chord	4/4	1	1	1/2	1/2	1	202
22	22	84	84	2.0	0	0	Chord	4/4	2	1	1/2	1/2	1	203
22	22	86	86	2.0	1/2	1/2	Chord	4/4	2	1	1/2	1/2	1	204
22	22	84	84	2.0	0	0	Chord	4/4	3	1	1/2	1/2	1	205
22	22	86	86	2.0	1/2	1/2	Chord	4/4	3	1	1/2	1/2	1	206
22	22	84	84	2.0	0	0	Chord	4/4	4	1	1/2	1/2	1	207
22	22	86	86	2.0	1/2	1/2	Chord	4/4	4	1	1/2	1/2	1	208
23	23	88	88	2.0	0	0	Chord	4/4	1	1	1/2	1/2	1	209
23	23	90	90	1.0	1/2	1/2	Chord	4/4	1	1	1/4	1/4	1	210
23	23	91	91	1.0	3/4	3/4	Chord	4/4	1	1	1/4	1/4	1	211
23	23	88	88	2.0	0	0	Chord	4/4	2	1	1/2	1/2	1	212
23	23	90	90	1.0	1/2	1/2	Chord	4/4	2	1	1/4	1/4	1	213
23	23	91	91	1.0	3/4	3/4	Chord	4/4	2	1	1/4	1/4	1	214
23	23	88	88	2.0	0	0	Chord	4/4	3	1	1/2	1/2	1	215
23	23	90	90	1.0	1/2	1/2	Chord	4/4	3	1	1/4	1/4	1	216
23	23	91	91	1.0	3/4	3/4	Chord	4/4	3	1	1/4	1/4	1	217
23	23	88	88	2.0	0	0	Chord	4/4	4	1	1/2	1/2	1	218
23	23	90	90	1.0	1/2	1/2	Chord	4/4	4	1	1/4	1/4	1	219
23	23	91	91	1.0	3/4	3/4	Chord	4/4	4	1	1/4	1/4	1	220
24	24	92	92	2.0	0	0	Chord	4/4	1	1	1/2	1/2	1	221
24	24	94	94	2.0	1/2	1/2	Chord	4/4	1	1	1/2	1/2	1	222
24	24	92	92	1.0	0	0	Chord	4/4	2	1	1/4	1/4	1	223
24	24	93	93	2.0	1/4	1/4	Chord	4/4	2	1	1/2	1/2	1	224
24	24	95	95	1.0	3/4	3/4	Chord	4/4	2	1	1/4	1/4	1	225
24	24	92	92	2.0	0	0	Chord	4/4	3	1	1/2	1/2	1	226
24	24	94	94	2.0	1/2	1/2	Chord	4/4	3	1	1/2	1/2	1	227
24	24	92	92	2.0	0	0	Chord	4/4	4	1	1/2	1/2	1	228
24	24	94	94	2.0	1/2	1/2	Chord	4/4	4	1	1/2	1/2	1	229
25	25	96	96	4.0	0	0	Chord	4/4	1	1	1	1	1	230
25	25	96	96	4.0	0	0	Chord	4/4	2	1	1	1	1	231
25	25	96	96	4.0	0	0	Chord	4/4	3	1	1	1	1	232
25	25	96	96	4.0	0	0	Chord	4/4	4	1	1	1	1	233
